FullName,Age,Gender,EmailAddress,Country,City
Jon Yang,21,Male,jon24@adventure-works.com,Canada,Toronto
Eugene Huang,22,Male,eugene10@adventure-works.com,USA,Los Angeles
Ruben Torres,23,Male,ruben35@adventure-works.com,Australia,Sydney
Christy Zhu,24,Female,christy12@adventure-works.com,Mexico,Monterney
Elizabeth Johnson,25,Female,elizabeth5@adventure-works.com,Canada,Toronto
Julio Ruiz,26,Male,julio1@adventure-works.com,USA,Los Angeles
Janet Alvarez,27,Female,janet9@adventure-works.com,Australia,Sydney
Marco Mehta,28,Male,marco14@adventure-works.com,Mexico,Monterney
Rob Verhoff,29,Female,rob4@adventure-works.com,Canada,Toronto
Shannon Carlson,30,Male,shannon38@adventure-works.com,USA,Los Angeles
Jacquelyn Suarez,31,Female,jacquelyn20@adventure-works.com,Australia,Sydney
Curtis Lu,32,Male,curtis9@adventure-works.com,Mexico,Monterney
Lauren Walker,33,Female,lauren41@adventure-works.com,Canada,Toronto
Ian Jenkins,34,Male,ian47@adventure-works.com,USA,Los Angeles
Sydney Bennett,35,Female,sydney23@adventure-works.com,Australia,Sydney
Chloe Young,36,Female,chloe23@adventure-works.com,Mexico,Monterney
Wyatt Hill,37,Male,wyatt32@adventure-works.com,Canada,Toronto
Shannon Wang,38,Female,shannon1@adventure-works.com,USA,Los Angeles
Clarence Rai,39,Male,clarence32@adventure-works.com,Australia,Sydney
Luke Lal,40,Male,luke18@adventure-works.com,Mexico,Monterney
Jordan King,41,Male,jordan73@adventure-works.com,Canada,Toronto
Destiny Wilson,42,Female,destiny7@adventure-works.com,USA,Los Angeles
Ethan Zhang,43,Male,ethan20@adventure-works.com,Australia,Sydney
Seth Edwards,44,Male,seth46@adventure-works.com,Mexico,Monterney
Russell Xie,45,Male,russell7@adventure-works.com,Canada,Toronto
Alejandro Beck,46,Male,alejandro45@adventure-works.com,USA,Los Angeles
Harold Sai,47,Male,harold3@adventure-works.com,Australia,Sydney
Jessie Zhao,48,Male,jessie16@adventure-works.com,Mexico,Monterney
Jill Jimenez,49,Female,jill13@adventure-works.com,Canada,Toronto
Jimmy Moreno,50,Male,jimmy9@adventure-works.com,USA,Los Angeles
Bethany Yuan,51,Female,bethany10@adventure-works.com,Australia,Sydney
Theresa Ramos,52,Female,theresa13@adventure-works.com,Mexico,Monterney
Denise Stone,53,Female,denise10@adventure-works.com,Canada,Toronto
Jaime Nath,54,Male,jaime41@adventure-works.com,USA,Los Angeles
Ebony Gonzalez,55,Female,ebony19@adventure-works.com,Australia,Sydney
Wendy Dominguez,56,Female,wendy12@adventure-works.com,Mexico,Monterney
Jennifer Russell,57,Female,jennifer93@adventure-works.com,Canada,Toronto
Chloe Garcia,58,Female,chloe27@adventure-works.com,USA,Los Angeles
Diana Hernandez,59,Female,diana2@adventure-works.com,Australia,Sydney
Marc Martin,60,Male,marc3@adventure-works.com,Mexico,Monterney
Jesse Murphy,61,Male,jesse15@adventure-works.com,Canada,Toronto
Amanda Carter,62,Female,amanda53@adventure-works.com,USA,Los Angeles
Megan Sanchez,63,Female,megan28@adventure-works.com,Australia,Sydney
Nathan Simmons,64,Male,nathan11@adventure-works.com,Mexico,Monterney
Adam Flores,65,Male,adam10@adventure-works.com,Canada,Toronto
Leonard Nara,66,Male,leonard18@adventure-works.com,USA,Los Angeles
Christine Yuan,67,Female,christine4@adventure-works.com,Australia,Sydney
Jaclyn Lu,68,Female,jaclyn12@adventure-works.com,Mexico,Monterney
Jeremy Powell,69,Male,jeremy26@adventure-works.com,Canada,Toronto
Carol Rai,70,Female,carol8@adventure-works.com,USA,Los Angeles
Alan Zheng,71,Male,alan23@adventure-works.com,Australia,Sydney
Daniel Johnson,72,Male,daniel18@adventure-works.com,Mexico,Monterney
Heidi Lopez,73,Female,heidi19@adventure-works.com,Canada,Toronto
Ana Price,74,Female,ana0@adventure-works.com,USA,Los Angeles
Deanna Munoz,75,Female,deanna33@adventure-works.com,Australia,Sydney
Gilbert Raje,76,Male,gilbert35@adventure-works.com,Mexico,Monterney
Michele Nath,77,Female,michele19@adventure-works.com,Canada,Toronto
Carl Andersen,78,Male,carl12@adventure-works.com,USA,Los Angeles
Marc Diaz,79,Male,marc6@adventure-works.com,Australia,Sydney
Ashlee Andersen,80,Female,ashlee19@adventure-works.com,Mexico,Monterney
Jon Zhou,81,Male,jon28@adventure-works.com,Canada,Toronto
Todd Gao,82,Male,todd14@adventure-works.com,USA,Los Angeles
Noah Powell,83,Male,noah5@adventure-works.com,Australia,Sydney
Angela Murphy,84,Female,angela41@adventure-works.com,Mexico,Monterney
Chase Reed,85,Male,chase21@adventure-works.com,Canada,Toronto
Jessica Henderson,86,Female,jessica29@adventure-works.com,USA,Los Angeles
Grace Butler,21,Female,grace62@adventure-works.com,Australia,Sydney
Caleb Carter,22,Male,caleb40@adventure-works.com,Mexico,Monterney
Tiffany Liang,23,Female,tiffany17@adventure-works.com,Canada,Toronto
Carolyn Navarro,24,Female,carolyn30@adventure-works.com,USA,Los Angeles
Willie Raji,25,Male,willie40@adventure-works.com,Australia,Sydney
Linda Serrano,26,Female,linda31@adventure-works.com,Mexico,Monterney
Casey Luo,27,Female,casey6@adventure-works.com,Canada,Toronto
Amy Ye,28,Female,amy16@adventure-works.com,USA,Los Angeles
Levi Arun,29,Male,levi6@adventure-works.com,Australia,Sydney
Felicia Jimenez,30,Female,felicia4@adventure-works.com,Mexico,Monterney
Blake Anderson,31,Male,blake9@adventure-works.com,Canada,Toronto
Leah Ye,32,Female,leah7@adventure-works.com,USA,Los Angeles
Gina Martin,33,Female,gina1@adventure-works.com,Australia,Sydney
Donald Gonzalez,34,Male,donald20@adventure-works.com,Mexico,Monterney
Damien Chander,35,Male,damien32@adventure-works.com,Canada,Toronto
Savannah Baker,36,Female,savannah39@adventure-works.com,USA,Los Angeles
Angela Butler,37,Female,angela17@adventure-works.com,Australia,Sydney
Alyssa Cox,38,Female,alyssa37@adventure-works.com,Mexico,Monterney
Lucas Phillips,39,Male,lucas7@adventure-works.com,Canada,Toronto
Emily Johnson,40,Female,emily1@adventure-works.com,USA,Los Angeles
Ryan Brown,41,Male,ryan43@adventure-works.com,Australia,Sydney
Tamara Liang,42,Female,tamara6@adventure-works.com,Mexico,Monterney
Hunter Davis,43,Male,hunter64@adventure-works.com,Canada,Toronto
Abigail Price,44,Female,abigail25@adventure-works.com,USA,Los Angeles
Trevor Bryant,45,Male,trevor18@adventure-works.com,Australia,Sydney
Dalton Perez,46,Male,dalton37@adventure-works.com,Mexico,Monterney
Cheryl Diaz,47,Female,cheryl4@adventure-works.com,Canada,Toronto
Aimee He,48,Female,aimee13@adventure-works.com,USA,Los Angeles
Cedric Ma,49,Male,cedric15@adventure-works.com,Australia,Sydney
Chad Kumar,50,Male,chad9@adventure-works.com,Mexico,Monterney
Andrés Anand,51,Male,andrés18@adventure-works.com,Canada,Toronto
Edwin Nara,52,Male,edwin39@adventure-works.com,USA,Los Angeles
Mallory Rubio,53,Female,mallory7@adventure-works.com,Australia,Sydney
Adam Ross,54,Male,adam2@adventure-works.com,Mexico,Monterney
Latasha Navarro,55,Female,latasha10@adventure-works.com,Canada,Toronto
Abby Sai,56,Female,abby4@adventure-works.com,USA,Los Angeles
Julia Nelson,57,Female,julia7@adventure-works.com,Australia,Sydney
Cassie Chande,58,Female,cassie13@adventure-works.com,Mexico,Monterney
Edgar Sara,59,Male,edgar11@adventure-works.com,Canada,Toronto
Candace Fernandez,60,Female,candace15@adventure-works.com,USA,Los Angeles
Jessie Liu,61,Male,jessie9@adventure-works.com,Australia,Sydney
Bianca Lin,62,Female,bianca7@adventure-works.com,Mexico,Monterney
Kari Alvarez,63,Female,kari25@adventure-works.com,Canada,Toronto
Ruben Kapoor,64,Male,ruben1@adventure-works.com,USA,Los Angeles
Curtis Yang,65,Male,curtis5@adventure-works.com,Australia,Sydney
Meredith Gutierrez,66,Female,meredith34@adventure-works.com,Mexico,Monterney
Crystal Wang,67,Female,crystal3@adventure-works.com,Canada,Toronto
Micheal Blanco,68,Male,micheal11@adventure-works.com,USA,Los Angeles
Leslie Moreno,69,Female,leslie7@adventure-works.com,Australia,Sydney
Alvin Cai,70,Male,alvin20@adventure-works.com,Mexico,Monterney
Clinton Carlson,71,Male,clinton14@adventure-works.com,Canada,Toronto
April Deng,72,Female,april1@adventure-works.com,USA,Los Angeles
Alvin Zeng,73,Male,alvin21@adventure-works.com,Australia,Sydney
Evan James,74,Male,evan8@adventure-works.com,Mexico,Monterney
Beth Jiménez,75,Female,beth8@adventure-works.com,Canada,Toronto
Orlando Suarez,76,Male,orlando19@adventure-works.com,USA,Los Angeles
Byron Vazquez,77,Male,byron9@adventure-works.com,Australia,Sydney
Philip Alvarez,78,Male,philip4@adventure-works.com,Mexico,Monterney
Ross Jordan,79,Male,ross1@adventure-works.com,Canada,Toronto
Dana Navarro,80,Female,dana2@adventure-works.com,USA,Los Angeles
Shaun Carson,81,Male,shaun16@adventure-works.com,Australia,Sydney
Jan Edwards,82,Female,jan11@adventure-works.com,Mexico,Monterney
Samantha Long,83,Female,samantha35@adventure-works.com,Canada,Toronto
Julia Wright,84,Female,julia17@adventure-works.com,USA,Los Angeles
Caroline Russell,85,Female,caroline21@adventure-works.com,Australia,Sydney
Amanda Rivera,86,Female,amanda7@adventure-works.com,Mexico,Monterney
Melissa Richardson,21,Female,melissa31@adventure-works.com,Canada,Toronto
Angela Griffin,22,Female,angela23@adventure-works.com,USA,Los Angeles
Larry Townsend,23,Male,larry14@adventure-works.com,Australia,Sydney
Marcus Harris,24,Male,marcus14@adventure-works.com,Mexico,Monterney
Brianna Morgan,25,Female,brianna30@adventure-works.com,Canada,Toronto
Jasmine Taylor,26,Female,jasmine7@adventure-works.com,USA,Los Angeles
Lauren Davis,27,Female,lauren23@adventure-works.com,Australia,Sydney
Tanya Moreno,28,Female,tanya2@adventure-works.com,Mexico,Monterney
Javier Alvarez,29,Male,javier1@adventure-works.com,Canada,Toronto
Nicole Ramirez,30,Female,nicole42@adventure-works.com,USA,Los Angeles
Eduardo Patterson,31,Male,eduardo55@adventure-works.com,Australia,Sydney
Jonathan Henderson,32,Male,jonathan4@adventure-works.com,Mexico,Monterney
Edward Hernandez,33,Male,edward48@adventure-works.com,Canada,Toronto
Jasmine Coleman,34,Female,jasmine46@adventure-works.com,USA,Los Angeles
Karla Goel,35,Female,karla20@adventure-works.com,Australia,Sydney
Ernest Wu,36,Male,ernest6@adventure-works.com,Mexico,Monterney
Ross Vazquez,37,Male,ross32@adventure-works.com,Canada,Toronto
Theodore Gill,38,Male,theodore14@adventure-works.com,USA,Los Angeles
Russell Shen,39,Male,russell6@adventure-works.com,Australia,Sydney
Melinda Gill,40,Female,melinda9@adventure-works.com,Mexico,Monterney
James Williams,41,Male,james77@adventure-works.com,Canada,Toronto
Angela James,42,Female,angela34@adventure-works.com,USA,Los Angeles
Megan Walker,43,Female,megan25@adventure-works.com,Australia,Sydney
Hunter Robinson,44,Male,hunter50@adventure-works.com,Mexico,Monterney
Maria Roberts,45,Female,maria47@adventure-works.com,Canada,Toronto
Hannah Long,46,Female,hannah32@adventure-works.com,USA,Los Angeles
Jason Wright,47,Male,jason46@adventure-works.com,Australia,Sydney
Brianna Hughes,48,Female,brianna57@adventure-works.com,Mexico,Monterney
Maurice Tang,49,Male,maurice4@adventure-works.com,Canada,Toronto
Emily Wood,50,Female,emily27@adventure-works.com,USA,Los Angeles
Chase Cox,51,Male,chase10@adventure-works.com,Australia,Sydney
Gabriel Wang,52,Male,gabriel21@adventure-works.com,Mexico,Monterney
Devin Brooks,53,Male,devin63@adventure-works.com,Canada,Toronto
Jocelyn Alexander,54,Female,jocelyn18@adventure-works.com,USA,Los Angeles
Ashley Martinez,55,Female,ashley18@adventure-works.com,Australia,Sydney
Jasmine Barnes,56,Female,jasmine43@adventure-works.com,Mexico,Monterney
David Rodriguez,57,Male,david83@adventure-works.com,Canada,Toronto
Bryce Richardson,58,Male,bryce8@adventure-works.com,USA,Los Angeles
Carol Howard,59,Female,carol5@adventure-works.com,Australia,Sydney
Jonathan Hill,60,Male,jonathan43@adventure-works.com,Mexico,Monterney
Gabrielle Adams,61,Female,gabrielle58@adventure-works.com,Canada,Toronto
Sarah Thomas,62,Female,sarah13@adventure-works.com,USA,Los Angeles
Nicholas Robinson,63,Male,nicholas19@adventure-works.com,Australia,Sydney
Luis Wang,64,Male,luis24@adventure-works.com,Mexico,Monterney
Mason Roberts,65,Male,mason25@adventure-works.com,Canada,Toronto
Jose Flores,66,Male,jose6@adventure-works.com,USA,Los Angeles
Nathan Johnson,67,Male,nathan55@adventure-works.com,Australia,Sydney
Molly Rodriguez,68,Female,molly18@adventure-works.com,Mexico,Monterney
April Anand,69,Female,april18@adventure-works.com,Canada,Toronto
Devin Martin,70,Male,devin13@adventure-works.com,USA,Los Angeles
Stephanie Torres,71,Female,stephanie19@adventure-works.com,Australia,Sydney
Jasmine Lee,72,Female,jasmine19@adventure-works.com,Mexico,Monterney
Meghan Hernandez,73,Female,meghan3@adventure-works.com,Canada,Toronto
Ashley Henderson,74,Female,ashley31@adventure-works.com,USA,Los Angeles
Sarah Price,75,Female,sarah25@adventure-works.com,Australia,Sydney
Jennifer Cooper,76,Female,jennifer63@adventure-works.com,Mexico,Monterney
Catherine Morris,77,Female,catherine16@adventure-works.com,Canada,Toronto
Lawrence Blanco,78,Male,lawrence14@adventure-works.com,USA,Los Angeles
Carson Bryant,79,Male,carson17@adventure-works.com,Australia,Sydney
Kristi Perez,80,Female,kristi39@adventure-works.com,Mexico,Monterney
James Brown,81,Male,james79@adventure-works.com,Canada,Toronto
Ian Gray,82,Male,ian72@adventure-works.com,USA,Los Angeles
Jacqueline Price,83,Female,jacqueline0@adventure-works.com,Australia,Sydney
Megan Henderson,84,Female,megan55@adventure-works.com,Mexico,Monterney
Alfredo Romero,85,Male,alfredo10@adventure-works.com,Canada,Toronto
Andrea Morris,86,Female,andrea18@adventure-works.com,USA,Los Angeles
Brooke Sanders,21,Female,brooke3@adventure-works.com,Australia,Sydney
Jacqueline Bennett,22,Female,jacqueline1@adventure-works.com,Mexico,Monterney
Jason Griffin,23,Male,jason18@adventure-works.com,Canada,Toronto
Amanda Foster,24,Female,amanda37@adventure-works.com,USA,Los Angeles
Alexia Price,25,Female,alexia0@adventure-works.com,Australia,Sydney
Luis Diaz,26,Male,luis21@adventure-works.com,Mexico,Monterney
Destiny Rivera,27,Female,destiny33@adventure-works.com,Canada,Toronto
Abby Fernandez,28,Female,abby13@adventure-works.com,USA,Los Angeles
Blake Flores,29,Male,blake60@adventure-works.com,Australia,Sydney
Danielle Cox,30,Female,danielle12@adventure-works.com,Mexico,Monterney
Maria Reed,31,Female,maria4@adventure-works.com,Canada,Toronto
Allison Evans,32,Female,allison21@adventure-works.com,USA,Los Angeles
Edward Wood,33,Male,edward50@adventure-works.com,Australia,Sydney
Samantha Russell,34,Female,samantha42@adventure-works.com,Mexico,Monterney
Chloe Campbell,35,Female,chloe4@adventure-works.com,Canada,Toronto
Stephanie Murphy,36,Female,stephanie11@adventure-works.com,USA,Los Angeles
Charles Miller,37,Male,charles9@adventure-works.com,Australia,Sydney
Ana Perry,38,Female,ana7@adventure-works.com,Mexico,Monterney
Jasmine Torres,39,Female,jasmine32@adventure-works.com,Canada,Toronto
Natalie Adams,40,Female,natalie58@adventure-works.com,USA,Los Angeles
Olivia Brown,41,Female,olivia4@adventure-works.com,Australia,Sydney
Charles Cook,42,Male,charles69@adventure-works.com,Mexico,Monterney
Erica Huang,43,Female,erica5@adventure-works.com,Canada,Toronto
Nathan Perry,44,Male,nathan3@adventure-works.com,USA,Los Angeles
Alexandra Rivera,45,Female,alexandra11@adventure-works.com,Australia,Sydney
Hailey Patterson,46,Female,hailey30@adventure-works.com,Mexico,Monterney
Tiffany Li,47,Female,tiffany3@adventure-works.com,Canada,Toronto
Madison Lee,48,Female,madison22@adventure-works.com,USA,Los Angeles
Sydney Ross,49,Female,sydney26@adventure-works.com,Australia,Sydney
Marshall Chavez,50,Male,marshall35@adventure-works.com,Mexico,Monterney
Ashley Jones,51,Female,ashley3@adventure-works.com,Canada,Toronto
Adrian Stewart,52,Male,adrian21@adventure-works.com,USA,Los Angeles
Amber Turner,53,Female,amber4@adventure-works.com,Australia,Sydney
Dennis Zhang,54,Male,dennis1@adventure-works.com,Mexico,Monterney
Hailey Bryant,55,Female,hailey38@adventure-works.com,Canada,Toronto
Todd Li,56,Male,todd5@adventure-works.com,USA,Los Angeles
Anna Griffin,57,Female,anna46@adventure-works.com,Australia,Sydney
Angel Stewart,58,Male,angel24@adventure-works.com,Mexico,Monterney
Jeremy Butler,59,Male,jeremy29@adventure-works.com,Canada,Toronto
Clarence Anand,60,Male,clarence36@adventure-works.com,USA,Los Angeles
Mayra Prasad,61,Female,mayra9@adventure-works.com,Australia,Sydney
Latoya Goel,62,Female,latoya18@adventure-works.com,Mexico,Monterney
Anne Hernandez,63,Female,anne4@adventure-works.com,Canada,Toronto
Lisa Cai,64,Female,lisa24@adventure-works.com,USA,Los Angeles
Larry Munoz,65,Male,larry9@adventure-works.com,Australia,Sydney
Robin Alvarez,66,Female,robin2@adventure-works.com,Mexico,Monterney
Alexis Coleman,67,Female,alexis28@adventure-works.com,Canada,Toronto
Ricky Vazquez,68,Male,ricky15@adventure-works.com,USA,Los Angeles
Latasha Rubio,69,Female,latasha21@adventure-works.com,Australia,Sydney
Claudia Zhou,70,Female,claudia7@adventure-works.com,Mexico,Monterney
Tristan Alexander,71,Male,tristan19@adventure-works.com,Canada,Toronto
Cindy Patel,72,Female,cindy3@adventure-works.com,USA,Los Angeles
Shannon Liu,73,Female,shannon4@adventure-works.com,Australia,Sydney
Xavier Long,74,Male,xavier51@adventure-works.com,Mexico,Monterney
Nicholas Thompson,75,Male,nicholas16@adventure-works.com,Canada,Toronto
José Hernandez,76,Male,josé54@adventure-works.com,USA,Los Angeles
Johnathan Vance,77,Male,johnathan5@adventure-works.com,Australia,Sydney
Colin Lin,78,Male,colin8@adventure-works.com,Mexico,Monterney
Katelyn Hernandez,79,Female,katelyn42@adventure-works.com,Canada,Toronto
Jacqueline Powell,80,Female,jacqueline9@adventure-works.com,USA,Los Angeles
Xavier Hill,81,Male,xavier26@adventure-works.com,Australia,Sydney
Victoria Stewart,82,Female,victoria24@adventure-works.com,Mexico,Monterney
Katelyn Kelly,83,Female,katelyn1@adventure-works.com,Canada,Toronto
Stephanie Collins,84,Female,stephanie52@adventure-works.com,USA,Los Angeles
Jennifer Simmons,85,Female,jennifer88@adventure-works.com,Australia,Sydney
Trinity Richardson,86,Female,trinity9@adventure-works.com,Mexico,Monterney
Eduardo Martin,21,Male,eduardo13@adventure-works.com,Canada,Toronto
Elizabeth Jones,22,Female,elizabeth7@adventure-works.com,USA,Los Angeles
Taylor Howard,23,Female,taylor14@adventure-works.com,Australia,Sydney
David Diaz,24,Male,david55@adventure-works.com,Mexico,Monterney
Katelyn Carter,25,Female,katelyn33@adventure-works.com,Canada,Toronto
Ryan Foster,26,Male,ryan19@adventure-works.com,USA,Los Angeles
Robert Lee,27,Male,robert82@adventure-works.com,Australia,Sydney
Danielle Reed,28,Female,danielle23@adventure-works.com,Mexico,Monterney
Lauren Martinez,29,Female,lauren35@adventure-works.com,Canada,Toronto
Nathan Lal,30,Male,nathan26@adventure-works.com,USA,Los Angeles
Kyle Foster,31,Male,kyle11@adventure-works.com,Australia,Sydney
Jenny Rai,32,Female,jenny40@adventure-works.com,Mexico,Monterney
Nancy Chapman,33,Female,nancy7@adventure-works.com,Canada,Toronto
Charles Jackson,34,Male,charles15@adventure-works.com,USA,Los Angeles
Jonathan Phillips,35,Male,jonathan35@adventure-works.com,Australia,Sydney
Amanda Cook,36,Female,amanda3@adventure-works.com,Mexico,Monterney
Robert Collins,37,Male,robert45@adventure-works.com,Canada,Toronto
Megan Barnes,38,Female,megan53@adventure-works.com,USA,Los Angeles
Christian Thomas,39,Male,christian46@adventure-works.com,Australia,Sydney
Arturo Lal,40,Male,arturo33@adventure-works.com,Mexico,Monterney
Theresa Serrano,41,Female,theresa12@adventure-works.com,Canada,Toronto
Jeremy Anderson,42,Male,jeremy2@adventure-works.com,USA,Los Angeles
Hunter Griffin,43,Male,hunter16@adventure-works.com,Australia,Sydney
Henry Garcia,44,Male,henry16@adventure-works.com,Mexico,Monterney
Cindy Sanchez,45,Female,cindy19@adventure-works.com,Canada,Toronto
Maria Carter,46,Female,maria53@adventure-works.com,USA,Los Angeles
Katelyn Sanchez,47,Female,katelyn26@adventure-works.com,Australia,Sydney
Jenna Wright,48,Female,jenna19@adventure-works.com,Mexico,Monterney
Seth Phillips,49,Male,seth42@adventure-works.com,Canada,Toronto
Luke Long,50,Male,luke28@adventure-works.com,USA,Los Angeles
Dalton Clark,51,Male,dalton18@adventure-works.com,Australia,Sydney
Taylor Lewis,52,Female,taylor67@adventure-works.com,Mexico,Monterney
Haley Richardson,53,Female,haley10@adventure-works.com,Canada,Toronto
Noah Coleman,54,Male,noah2@adventure-works.com,USA,Los Angeles
Jon Luo,55,Male,jon46@adventure-works.com,Australia,Sydney
Orlando Vazquez,56,Male,orlando14@adventure-works.com,Mexico,Monterney
Fernando Barnes,57,Male,fernando47@adventure-works.com,Canada,Toronto
Cameron Rodriguez,58,Male,cameron38@adventure-works.com,USA,Los Angeles
Spencer Russell,59,Male,spencer22@adventure-works.com,Australia,Sydney
Julia Coleman,60,Female,julia72@adventure-works.com,Mexico,Monterney
Julia Garcia,61,Female,julia38@adventure-works.com,Canada,Toronto
Sean Evans,62,Male,sean31@adventure-works.com,USA,Los Angeles
Micah Zhou,63,Male,micah19@adventure-works.com,Australia,Sydney
Hunter Rodriguez,64,Male,hunter53@adventure-works.com,Mexico,Monterney
Ian Gonzales,65,Male,ian57@adventure-works.com,Canada,Toronto
Victoria Lewis,66,Female,victoria20@adventure-works.com,USA,Los Angeles
Erin Sanders,67,Female,erin7@adventure-works.com,Australia,Sydney
Gabrielle Lopez,68,Female,gabrielle63@adventure-works.com,Mexico,Monterney
Sara Richardson,69,Female,sara10@adventure-works.com,Canada,Toronto
Trevor Jenkins,70,Male,trevor6@adventure-works.com,USA,Los Angeles
Mya Flores,71,Female,mya13@adventure-works.com,Australia,Sydney
Hailey Ward,72,Female,hailey12@adventure-works.com,Mexico,Monterney
Luke Allen,73,Male,luke52@adventure-works.com,Canada,Toronto
Victoria Russell,74,Female,victoria66@adventure-works.com,USA,Los Angeles
Jessica Wilson,75,Female,jessica54@adventure-works.com,Australia,Sydney
Jade Bailey,76,Female,jade13@adventure-works.com,Mexico,Monterney
Morgan Hill,77,Female,morgan19@adventure-works.com,Canada,Toronto
Terrance Raman,78,Male,terrance9@adventure-works.com,USA,Los Angeles
Sydney Garcia,79,Female,sydney78@adventure-works.com,Australia,Sydney
Jose Patterson,80,Male,jose33@adventure-works.com,Mexico,Monterney
Zachary Anderson,81,Male,zachary39@adventure-works.com,Canada,Toronto
Elijah Ross,82,Male,elijah7@adventure-works.com,USA,Los Angeles
Rafael Xie,83,Male,rafael26@adventure-works.com,Australia,Sydney
Jaime Moreno,84,Male,jaime48@adventure-works.com,Mexico,Monterney
Julian Griffin,85,Male,julian20@adventure-works.com,Canada,Toronto
Andy Alvarez,86,Male,andy9@adventure-works.com,USA,Los Angeles
Ryan Thompson,21,Male,ryan38@adventure-works.com,Australia,Sydney
Samantha Jenkins,22,Female,samantha32@adventure-works.com,Mexico,Monterney
Deanna Ramos,23,Female,deanna44@adventure-works.com,Canada,Toronto
Emily Miller,24,Female,emily6@adventure-works.com,USA,Los Angeles
Nicole Brown,25,Female,nicole4@adventure-works.com,Australia,Sydney
Carla Raman,26,Female,carla14@adventure-works.com,Mexico,Monterney
Shaun Raji,27,Male,shaun21@adventure-works.com,Canada,Toronto
Jerome Romero,28,Male,jerome7@adventure-works.com,USA,Los Angeles
Frank Navarro,29,Male,frank17@adventure-works.com,Australia,Sydney
Dennis She,30,Male,dennis25@adventure-works.com,Mexico,Monterney
Melody Munoz,31,Female,melody8@adventure-works.com,Canada,Toronto
Randy Zeng,32,Male,randy24@adventure-works.com,USA,Los Angeles
Marshall Wang,33,Male,marshall0@adventure-works.com,Australia,Sydney
Arthur Carlson,34,Male,arthur41@adventure-works.com,Mexico,Monterney
Jessie Jimenez,35,Female,jessie3@adventure-works.com,Canada,Toronto
Robin Ramos,36,Female,robin13@adventure-works.com,USA,Los Angeles
Deanna Gutierrez,37,Female,deanna37@adventure-works.com,Australia,Sydney
Roy Navarro,38,Male,roy30@adventure-works.com,Mexico,Monterney
Shawn Rai,39,Male,shawn19@adventure-works.com,Canada,Toronto
Mindy Luo,40,Female,mindy10@adventure-works.com,USA,Los Angeles
Cara Zhou,41,Female,cara5@adventure-works.com,Australia,Sydney
Anne Ramos,42,Female,anne19@adventure-works.com,Mexico,Monterney
Raymond Rodriguez,43,Male,raymond20@adventure-works.com,Canada,Toronto
Carrie Ortega,44,Female,carrie19@adventure-works.com,USA,Los Angeles
Deanna Suarez,45,Female,deanna45@adventure-works.com,Australia,Sydney
Roberto Gutierrez,46,Male,roberto11@adventure-works.com,Mexico,Monterney
Terrence Carson,47,Male,terrence15@adventure-works.com,Canada,Toronto
Ramon Ye,48,Male,ramon9@adventure-works.com,USA,Los Angeles
Cynthia Malhotra,49,Female,cynthia9@adventure-works.com,Australia,Sydney
Jarrod Prasad,50,Male,jarrod9@adventure-works.com,Mexico,Monterney
Tyrone Serrano,51,Male,tyrone15@adventure-works.com,Canada,Toronto
Cindy Ramos,52,Female,cindy22@adventure-works.com,USA,Los Angeles
Damien Shan,53,Male,damien26@adventure-works.com,Australia,Sydney
Julian Ross,54,Male,julian5@adventure-works.com,Mexico,Monterney
Jennifer Collins,55,Female,jennifer6@adventure-works.com,Canada,Toronto
Brittney Sun,56,Female,brittney12@adventure-works.com,USA,Los Angeles
Virginia Patel,57,Female,virginia4@adventure-works.com,Australia,Sydney
Calvin Nara,58,Male,calvin15@adventure-works.com,Mexico,Monterney
Edward Miller,59,Male,edward28@adventure-works.com,Canada,Toronto
Ashlee Tang,60,Female,ashlee11@adventure-works.com,USA,Los Angeles
Alicia Xu,61,Female,alicia3@adventure-works.com,Australia,Sydney
Lacey Jai,62,Female,lacey1@adventure-works.com,Mexico,Monterney
Wendy Romero,63,Female,wendy8@adventure-works.com,Canada,Toronto
Carly Luo,64,Female,carly5@adventure-works.com,USA,Los Angeles
Jimmy Ortega,65,Male,jimmy26@adventure-works.com,Australia,Sydney
Francisco Martinez,66,Male,francisco19@adventure-works.com,Mexico,Monterney
Lance Vazquez,67,Male,lance14@adventure-works.com,Canada,Toronto
David Robinett,68,Male,david22@adventure-works.com,USA,Los Angeles
Shannon Liang,69,Female,shannon15@adventure-works.com,Australia,Sydney
Gary Vazquez,70,Male,gary25@adventure-works.com,Mexico,Monterney
Mitchell Kumar,71,Male,mitchell7@adventure-works.com,Canada,Toronto
Meredith Raman,72,Female,meredith11@adventure-works.com,USA,Los Angeles
Edward Patterson,73,Male,edward59@adventure-works.com,Australia,Sydney
Marie Gill,74,Female,marie37@adventure-works.com,Mexico,Monterney
Tiffany Wang,75,Female,tiffany1@adventure-works.com,Canada,Toronto
Miguel Allen,76,Male,miguel24@adventure-works.com,USA,Los Angeles
Jaclyn Cai,77,Female,jaclyn22@adventure-works.com,Australia,Sydney
Megan Ramirez,78,Female,megan44@adventure-works.com,Mexico,Monterney
Joseph Martin,79,Male,joseph21@adventure-works.com,Canada,Toronto
Karl Shan,80,Male,karl11@adventure-works.com,USA,Los Angeles
Christine Raji,81,Female,christine16@adventure-works.com,Australia,Sydney
Lindsay Xie,82,Female,lindsay3@adventure-works.com,Mexico,Monterney
Willie Zhao,83,Male,willie8@adventure-works.com,Canada,Toronto
Kurt Pal,84,Male,kurt12@adventure-works.com,USA,Los Angeles
George McDonald,85,Male,george13@adventure-works.com,Australia,Sydney
Beth Gutierrez,86,Female,beth13@adventure-works.com,Mexico,Monterney
Ian Lopez,21,Male,ian27@adventure-works.com,Canada,Toronto
Latoya Shan,22,Female,latoya9@adventure-works.com,USA,Los Angeles
Colin Nath,23,Male,colin41@adventure-works.com,Australia,Sydney
Brenda Mehta,24,Female,brenda17@adventure-works.com,Mexico,Monterney
Franklin Raji,25,Male,franklin38@adventure-works.com,Canada,Toronto
Linda Navarro,26,Female,linda25@adventure-works.com,USA,Los Angeles
Kelli Cai,27,Female,kelli21@adventure-works.com,Australia,Sydney
Nancy Schmidt,28,Female,nancy13@adventure-works.com,Mexico,Monterney
Megan Taylor,29,Female,megan12@adventure-works.com,Canada,Toronto
Bonnie Goel,30,Female,bonnie25@adventure-works.com,USA,Los Angeles
Latoya Xu,31,Female,latoya4@adventure-works.com,Australia,Sydney
Mario She,32,Male,mario0@adventure-works.com,Mexico,Monterney
Darren Gill,33,Male,darren36@adventure-works.com,Canada,Toronto
Jacqueline Hayes,34,Female,jacqueline23@adventure-works.com,USA,Los Angeles
Maurice Goel,35,Male,maurice20@adventure-works.com,Australia,Sydney
Devin Ross,36,Male,devin69@adventure-works.com,Mexico,Monterney
Sydney Bryant,37,Female,sydney40@adventure-works.com,Canada,Toronto
Megan Stewart,38,Female,megan27@adventure-works.com,USA,Los Angeles
Ian Richardson,39,Male,ian76@adventure-works.com,Australia,Sydney
Randy She,40,Male,randy25@adventure-works.com,Mexico,Monterney
Katrina Becker,41,Female,katrina19@adventure-works.com,Canada,Toronto
Lacey Zheng,42,Female,lacey32@adventure-works.com,USA,Los Angeles
Rafael Hu,43,Male,rafael20@adventure-works.com,Australia,Sydney
Kyle Scott,44,Male,kyle43@adventure-works.com,Mexico,Monterney
Jordan Turner,45,Male,jordan59@adventure-works.com,Canada,Toronto
Amy Sun,46,Female,amy19@adventure-works.com,USA,Los Angeles
Dustin Deng,47,Male,dustin1@adventure-works.com,Australia,Sydney
Jasmine Stewart,48,Female,jasmine22@adventure-works.com,Mexico,Monterney
Pamela Garcia,49,Female,pamela18@adventure-works.com,Canada,Toronto
Ariana Gray,50,Female,ariana5@adventure-works.com,USA,Los Angeles
Kristopher Mehta,51,Male,kristopher12@adventure-works.com,Australia,Sydney
Desiree Dominguez,52,Female,desiree9@adventure-works.com,Mexico,Monterney
Deanna Perez,53,Female,deanna24@adventure-works.com,Canada,Toronto
Marco Lopez,54,Male,marco17@adventure-works.com,USA,Los Angeles
Casey Yuan,55,Female,casey7@adventure-works.com,Australia,Sydney
Bryant Garcia,56,Male,bryant14@adventure-works.com,Mexico,Monterney
Dominique Prasad,57,Female,dominique7@adventure-works.com,Canada,Toronto
Maurice Shan,58,Male,maurice11@adventure-works.com,USA,Los Angeles
Andre Lopez,59,Male,andre16@adventure-works.com,Australia,Sydney
Robin Romero,60,Female,robin5@adventure-works.com,Mexico,Monterney
Taylor Cox,61,Female,taylor13@adventure-works.com,Canada,Toronto
Alfredo Moreno,62,Male,alfredo7@adventure-works.com,USA,Los Angeles
Jenny Nara,63,Female,jenny39@adventure-works.com,Australia,Sydney
Janet Munoz,64,Female,janet12@adventure-works.com,Mexico,Monterney
Sergio Weber,65,Male,sergio4@adventure-works.com,Canada,Toronto
Erika Gomez,66,Female,erika0@adventure-works.com,USA,Los Angeles
Joseph Harris,67,Male,joseph20@adventure-works.com,Australia,Sydney
Grace Griffin,68,Female,grace67@adventure-works.com,Mexico,Monterney
Tina Mehta,69,Female,tina15@adventure-works.com,Canada,Toronto
Kari Kim,70,Female,kari3@adventure-works.com,USA,Los Angeles
Bethany Chander,71,Female,bethany19@adventure-works.com,Australia,Sydney
Jennifer Roberts,72,Female,jennifer15@adventure-works.com,Mexico,Monterney
Kyle Patterson,73,Male,kyle5@adventure-works.com,Canada,Toronto
Alvin Hu,74,Male,alvin19@adventure-works.com,USA,Los Angeles
Brett Mehta,75,Male,brett13@adventure-works.com,Australia,Sydney
Ruben Muñoz,76,Male,ruben30@adventure-works.com,Mexico,Monterney
Erika Rubio,77,Female,erika18@adventure-works.com,Canada,Toronto
Stanley Malhotra,78,Male,stanley5@adventure-works.com,USA,Los Angeles
Melinda Navarro,79,Female,melinda5@adventure-works.com,Australia,Sydney
Ross Sanz,80,Male,ross38@adventure-works.com,Mexico,Monterney
Jon Gao,81,Male,jon35@adventure-works.com,Canada,Toronto
Jaime Gutierrez,82,Female,jaime12@adventure-works.com,USA,Los Angeles
Bianca Liu,83,Female,bianca3@adventure-works.com,Australia,Sydney
Tasha Deng,84,Female,tasha1@adventure-works.com,Mexico,Monterney
Melvin Chande,85,Male,melvin13@adventure-works.com,Canada,Toronto
Victor Jimenez,86,Male,victor7@adventure-works.com,USA,Los Angeles
Laura Lin,21,Female,laura14@adventure-works.com,Australia,Sydney
Alisha Beck,22,Female,alisha45@adventure-works.com,Mexico,Monterney
Alejandro Huang,23,Male,alejandro8@adventure-works.com,Canada,Toronto
Louis Luo,24,Male,louis23@adventure-works.com,USA,Los Angeles
Grant Tang,25,Male,grant6@adventure-works.com,Australia,Sydney
Arturo Zheng,26,Male,arturo21@adventure-works.com,Mexico,Monterney
Jaclyn Andersen,27,Female,jaclyn37@adventure-works.com,Canada,Toronto
Edwin Raji,28,Male,edwin44@adventure-works.com,USA,Los Angeles
Jay Suarez,29,Male,jay49@adventure-works.com,Australia,Sydney
Latasha Suarez,30,Female,latasha19@adventure-works.com,Mexico,Monterney
Kenneth Kumar,31,Male,kenneth7@adventure-works.com,Canada,Toronto
Grace Henderson,32,Female,grace52@adventure-works.com,USA,Los Angeles
Melvin Xu,33,Male,melvin5@adventure-works.com,Australia,Sydney
Cesar Subram,34,Male,cesar12@adventure-works.com,Mexico,Monterney
Erika Navarro,35,Female,erika7@adventure-works.com,Canada,Toronto
Tristan Hughes,36,Male,tristan12@adventure-works.com,USA,Los Angeles
Billy Hernandez,37,Male,billy5@adventure-works.com,Australia,Sydney
Darryl Wu,38,Male,darryl6@adventure-works.com,Mexico,Monterney
Colleen Ma,39,Female,colleen16@adventure-works.com,Canada,Toronto
Erica Hu,40,Female,erica19@adventure-works.com,USA,Los Angeles
Adrienne Torres,41,Female,adrienne8@adventure-works.com,Australia,Sydney
Calvin Chande,42,Male,calvin13@adventure-works.com,Mexico,Monterney
Erick Sai,43,Male,erick5@adventure-works.com,Canada,Toronto
Donald Chandra,44,Male,donald4@adventure-works.com,USA,Los Angeles
Ariana Rogers,45,Female,ariana17@adventure-works.com,Australia,Sydney
Morgan Jones,46,Female,morgan26@adventure-works.com,Mexico,Monterney
Jermaine Lopez,47,Male,jermaine15@adventure-works.com,Canada,Toronto
Deborah Goel,48,Female,deborah21@adventure-works.com,USA,Los Angeles
Danny Rubio,49,Male,danny22@adventure-works.com,Australia,Sydney
Andre Perez,50,Male,andre20@adventure-works.com,Mexico,Monterney
Terrence Chander,51,Male,terrence16@adventure-works.com,Canada,Toronto
Dawn Wu,52,Female,dawn8@adventure-works.com,USA,Los Angeles
Jimmy Gutierrez,53,Male,jimmy14@adventure-works.com,Australia,Sydney
Francis Jimenez,54,Male,francis3@adventure-works.com,Mexico,Monterney
Gary Ortega,55,Male,gary31@adventure-works.com,Canada,Toronto
Katrina Nath,56,Female,katrina17@adventure-works.com,USA,Los Angeles
Arturo Sun,57,Male,arturo14@adventure-works.com,Australia,Sydney
Pedro Vance,58,Male,pedro4@adventure-works.com,Mexico,Monterney
Sarah Simmons,59,Female,sarah40@adventure-works.com,Canada,Toronto
Brandy Chandra,60,Female,brandy20@adventure-works.com,USA,Los Angeles
Jared Peterson,61,Male,jared8@adventure-works.com,Australia,Sydney
Dennis Wu,62,Male,dennis8@adventure-works.com,Mexico,Monterney
Jordan Baker,63,Female,jordan45@adventure-works.com,Canada,Toronto
Jasmine Powell,64,Female,jasmine48@adventure-works.com,USA,Los Angeles
Nicholas Brown,65,Male,nicholas6@adventure-works.com,Australia,Sydney
Isabella Russell,66,Female,isabella30@adventure-works.com,Mexico,Monterney
Elizabeth Wilson,67,Female,elizabeth11@adventure-works.com,Canada,Toronto
Roger Harui,68,Female,roger4@adventure-works.com,USA,Los Angeles
Seth Roberts,69,Male,seth40@adventure-works.com,Australia,Sydney
Caleb Perry,70,Male,caleb4@adventure-works.com,Mexico,Monterney
Natalie Campbell,71,Female,natalie50@adventure-works.com,Canada,Toronto
Alyssa Howard,72,Female,alyssa38@adventure-works.com,USA,Los Angeles
Dalton Diaz,73,Male,dalton67@adventure-works.com,Australia,Sydney
Shannon Huang,74,Female,shannon6@adventure-works.com,Mexico,Monterney
Mya Gonzales,75,Female,mya17@adventure-works.com,Canada,Toronto
Katherine Bryant,76,Female,katherine44@adventure-works.com,USA,Los Angeles
Edward Washington,77,Male,edward62@adventure-works.com,Australia,Sydney
Jerome Navarro,78,Male,jerome8@adventure-works.com,Mexico,Monterney
Jada Morgan,79,Female,jada14@adventure-works.com,Canada,Toronto
Ariana Peterson,80,Female,ariana4@adventure-works.com,USA,Los Angeles
Christian Hughes,81,Male,christian26@adventure-works.com,Australia,Sydney
Lucas Taylor,82,Male,lucas22@adventure-works.com,Mexico,Monterney
Alyssa Jackson,83,Female,alyssa11@adventure-works.com,Canada,Toronto
Ariana Cook,84,Female,ariana19@adventure-works.com,USA,Los Angeles
Katherine Diaz,85,Female,katherine48@adventure-works.com,Australia,Sydney
Jenna Green,86,Female,jenna14@adventure-works.com,Mexico,Monterney
Joan Washington,21,Female,joan7@adventure-works.com,Canada,Toronto
Austin Bryant,22,Male,austin14@adventure-works.com,USA,Los Angeles
Andrew Martinez,23,Male,andrew24@adventure-works.com,Australia,Sydney
Nina Yuan,24,Female,nina7@adventure-works.com,Mexico,Monterney
Lauren Miller,25,Female,lauren24@adventure-works.com,Canada,Toronto
Ebony Gill,26,Female,ebony35@adventure-works.com,USA,Los Angeles
Cameron Lewis,27,Male,cameron39@adventure-works.com,Australia,Sydney
Devin Nelson,28,Male,devin32@adventure-works.com,Mexico,Monterney
Logan Chow,29,Male,logan25@adventure-works.com,Canada,Toronto
Dakota Ross,30,Male,dakota3@adventure-works.com,USA,Los Angeles
Nicole Taylor,31,Female,nicole9@adventure-works.com,Australia,Sydney
Justin Washington,32,Male,justin10@adventure-works.com,Mexico,Monterney
Alberto Navarro,33,Male,alberto11@adventure-works.com,Canada,Toronto
Aidan Ross,34,Male,aidan4@adventure-works.com,USA,Los Angeles
Alejandro Tang,35,Male,alejandro30@adventure-works.com,Australia,Sydney
Sheena Chande,36,Female,sheena13@adventure-works.com,Mexico,Monterney
Joel Garcia,37,Male,joel14@adventure-works.com,Canada,Toronto
Reginald Dominguez,38,Male,reginald20@adventure-works.com,USA,Los Angeles
Christine Chande,39,Female,christine10@adventure-works.com,Australia,Sydney
Cindy Sai,40,Female,cindy6@adventure-works.com,Mexico,Monterney
Raymond Sanchez,41,Male,raymond21@adventure-works.com,Canada,Toronto
Crystal Liang,42,Female,crystal17@adventure-works.com,USA,Los Angeles
Deb Torres,43,Female,deb4@adventure-works.com,Australia,Sydney
Shannon Alvarez,44,Male,shannon26@adventure-works.com,Mexico,Monterney
Eddie Rubio,45,Male,eddie21@adventure-works.com,Canada,Toronto
Sharon Luo,46,Female,sharon12@adventure-works.com,USA,Los Angeles
Sydney Simmons,47,Female,sydney37@adventure-works.com,Australia,Sydney
Alexandria Henderson,48,Female,alexandria5@adventure-works.com,Mexico,Monterney
Lucas Evans,49,Male,lucas10@adventure-works.com,Canada,Toronto
Felicia Ramos,50,Female,felicia16@adventure-works.com,USA,Los Angeles
Ivan Malhotra,51,Male,ivan3@adventure-works.com,Australia,Sydney
Frederick Subram,52,Male,frederick12@adventure-works.com,Mexico,Monterney
Whitney Srini,53,Female,whitney7@adventure-works.com,Canada,Toronto
Briana Dominguez,54,Female,briana12@adventure-works.com,USA,Los Angeles
Jarrod Gonzalez,55,Male,jarrod17@adventure-works.com,Australia,Sydney
Cesar Srini,56,Male,cesar7@adventure-works.com,Mexico,Monterney
Jorge Liang,57,Male,jorge19@adventure-works.com,Canada,Toronto
Erik Diaz,58,Male,erik4@adventure-works.com,USA,Los Angeles
April Shan,59,Female,april8@adventure-works.com,Australia,Sydney
Carla Perez,60,Female,carla24@adventure-works.com,Mexico,Monterney
Alexia Foster,61,Female,alexia13@adventure-works.com,Canada,Toronto
Troy Malhotra,62,Male,troy5@adventure-works.com,USA,Los Angeles
Kristin Andersen,63,Female,kristin14@adventure-works.com,Australia,Sydney
Joel Sai,64,Male,joel5@adventure-works.com,Mexico,Monterney
Billy Moreno,65,Male,billy8@adventure-works.com,Canada,Toronto
Meagan Subram,66,Female,meagan13@adventure-works.com,USA,Los Angeles
Karla Luo,67,Female,karla6@adventure-works.com,Australia,Sydney
Jackson Campbell,68,Male,jackson37@adventure-works.com,Mexico,Monterney
Micah Zhu,69,Male,micah1@adventure-works.com,Canada,Toronto
Janet Serrano,70,Female,janet22@adventure-works.com,USA,Los Angeles
Trisha Huang,71,Female,trisha0@adventure-works.com,Australia,Sydney
Clayton Beck,72,Male,clayton38@adventure-works.com,Mexico,Monterney
Melvin Raje,73,Male,melvin12@adventure-works.com,Canada,Toronto
Cindy Jordan,74,Female,cindy2@adventure-works.com,USA,Los Angeles
Claudia Ma,75,Female,claudia14@adventure-works.com,Australia,Sydney
Karla Xu,76,Female,karla5@adventure-works.com,Mexico,Monterney
Devin Carter,77,Male,devin33@adventure-works.com,Canada,Toronto
Kari Perez,78,Female,kari21@adventure-works.com,USA,Los Angeles
Alberto Romero,79,Male,alberto10@adventure-works.com,Australia,Sydney
Kevin Bryant,80,Male,kevin20@adventure-works.com,Mexico,Monterney
Candace Mehta,81,Female,candace14@adventure-works.com,Canada,Toronto
Ebony Malhotra,82,Female,ebony4@adventure-works.com,USA,Los Angeles
Erika Diaz,83,Female,erika2@adventure-works.com,Australia,Sydney
Stacey Lu,84,Female,stacey12@adventure-works.com,Mexico,Monterney
Darrell Raji,85,Male,darrell9@adventure-works.com,Canada,Toronto
Armando Moreno,86,Male,armando6@adventure-works.com,USA,Los Angeles
Corey Goel,21,Male,corey16@adventure-works.com,Australia,Sydney
Sebastian Howard,22,Male,sebastian12@adventure-works.com,Mexico,Monterney
Roger Raje,23,Male,roger41@adventure-works.com,Canada,Toronto
Janelle Chandra,24,Female,janelle2@adventure-works.com,USA,Los Angeles
Meredith Ruiz,25,Female,meredith24@adventure-works.com,Australia,Sydney
Melody Diaz,26,Female,melody3@adventure-works.com,Mexico,Monterney
Linda Rubio,27,Female,linda36@adventure-works.com,Canada,Toronto
Ivan Raman,28,Male,ivan8@adventure-works.com,USA,Los Angeles
Larry Gill,29,Male,larry16@adventure-works.com,Australia,Sydney
Geoffrey Gonzalez,30,Male,geoffrey16@adventure-works.com,Mexico,Monterney
Edgar Sanchez,31,Male,edgar21@adventure-works.com,Canada,Toronto
Heidi Subram,32,Female,heidi15@adventure-works.com,USA,Los Angeles
Melody Ramos,33,Female,melody17@adventure-works.com,Australia,Sydney
Clinton Moreno,34,Male,clinton3@adventure-works.com,Mexico,Monterney
Cesar Madan,35,Male,cesar6@adventure-works.com,Canada,Toronto
Eugene Ye,36,Male,eugene13@adventure-works.com,USA,Los Angeles
Blake Collins,37,Male,blake47@adventure-works.com,Australia,Sydney
Ernest Lin,38,Male,ernest7@adventure-works.com,Mexico,Monterney
Keith Andersen,39,Male,keith16@adventure-works.com,Canada,Toronto
Meredith Prasad,40,Female,meredith8@adventure-works.com,USA,Los Angeles
Katrina Sharma,41,Female,katrina8@adventure-works.com,Australia,Sydney
Dwayne Navarro,42,Male,dwayne9@adventure-works.com,Mexico,Monterney
Casey Nath,43,Female,casey20@adventure-works.com,Canada,Toronto
Sean Brooks,44,Male,sean8@adventure-works.com,USA,Los Angeles
Brian Ramirez,45,Male,brian19@adventure-works.com,Australia,Sydney
Sierra Young,46,Female,sierra15@adventure-works.com,Mexico,Monterney
Megan Rodriguez,47,Female,megan23@adventure-works.com,Canada,Toronto
Leah She,48,Female,leah19@adventure-works.com,USA,Los Angeles
Gabriel Allen,49,Male,gabriel53@adventure-works.com,Australia,Sydney
Angela Perry,50,Female,angela10@adventure-works.com,Mexico,Monterney
Ryan Smith,51,Male,ryan39@adventure-works.com,Canada,Toronto
Zachary Moore,52,Male,zachary37@adventure-works.com,USA,Los Angeles
Destiny Rogers,53,Female,destiny26@adventure-works.com,Australia,Sydney
Dalton Gray,54,Male,dalton76@adventure-works.com,Mexico,Monterney
Mariah Wood,55,Female,mariah6@adventure-works.com,Canada,Toronto
Isaiah Wright,56,Male,isaiah45@adventure-works.com,USA,Los Angeles
Haley Powell,57,Female,haley27@adventure-works.com,Australia,Sydney
Antonio Bennett,58,Male,antonio1@adventure-works.com,Mexico,Monterney
Alexandra Jenkins,59,Female,alexandra30@adventure-works.com,Canada,Toronto
Thomas Anderson,60,Male,thomas71@adventure-works.com,USA,Los Angeles
Samuel Collins,61,Male,samuel33@adventure-works.com,Australia,Sydney
Darrell Chande,62,Male,darrell4@adventure-works.com,Mexico,Monterney
Kimberly Cox,63,Female,kimberly14@adventure-works.com,Canada,Toronto
Morgan Hernandez,64,Female,morgan15@adventure-works.com,USA,Los Angeles
Antonio Powell,65,Male,antonio8@adventure-works.com,Australia,Sydney
Angelica Perry,66,Female,angelica7@adventure-works.com,Mexico,Monterney
Chloe Wilson,67,Female,chloe40@adventure-works.com,Canada,Toronto
James Chen,68,Male,james41@adventure-works.com,USA,Los Angeles
Morgan Hughes,69,Female,morgan81@adventure-works.com,Australia,Sydney
Naomi Munoz,70,Female,naomi7@adventure-works.com,Mexico,Monterney
Charles Torres,71,Male,charles52@adventure-works.com,Canada,Toronto
Gabriella Turner,72,Female,gabriella27@adventure-works.com,USA,Los Angeles
Anna Foster,73,Female,anna41@adventure-works.com,Australia,Sydney
Randy Wu,74,Male,randy8@adventure-works.com,Mexico,Monterney
Kevin Scott,75,Male,kevin50@adventure-works.com,Canada,Toronto
Ian White,76,Male,ian12@adventure-works.com,USA,Los Angeles
Caleb Hayes,77,Male,caleb19@adventure-works.com,Australia,Sydney
Patricia Garcia,78,Female,patricia18@adventure-works.com,Mexico,Monterney
Samuel Russell,79,Male,samuel19@adventure-works.com,Canada,Toronto
Sydney Peterson,80,Female,sydney15@adventure-works.com,USA,Los Angeles
Ariana Sanchez,81,Female,ariana22@adventure-works.com,Australia,Sydney
Tamara Sharma,82,Female,tamara21@adventure-works.com,Mexico,Monterney
Katelyn Perez,83,Female,katelyn35@adventure-works.com,Canada,Toronto
Megan Cox,84,Female,megan39@adventure-works.com,USA,Los Angeles
Robert Mitchell,85,Male,robert53@adventure-works.com,Australia,Sydney
Miguel Adams,86,Male,miguel32@adventure-works.com,Mexico,Monterney
